name,uniprot_id
ADEFENSIN5,Q01523
ASMA,P62736
BCL2,P10415
CD117,P10721
CD11C,P20702
CD123,P26951
CD127,P16871
CD138,P18827
CD147,P35613
CD15,P22083
CD16,P08637
CD161,Q12918
CD163,Q86VB7
CD19,P15391
CD206,P22897
CD21,P20023
CD25,P01589
CD3,P07766
CD31,P16284
CD34,P28906
CD36,P16671
CD38,P28907
CD4,P01730
CD44,P16070
CD45,P08575
CD45RO,P08575-4
CD49A,P56199
CD49F,P23229
CD56,P13591
CD57,Q9P2W7
CD66,P13688
CD68,P34810
CD69,Q07108
CD7,P09564
CD8,P01732
CD90,P04216
CD98,P08195
CDX2,Q99626
CHGA,P10645
CK7,P08729
COLLAGENIV,P02462
CYTOKERATIN,Q04695
DRAQ5,P68431
FAP,Q12884
HLADR,P01903
HOECHST2,P68431
ITLN1,Q8WWA0
KI67,P46013
MUC1,P15941
MUC2,Q02817
NKG2D,P26718
OLFM4,Q6UX06
PODOPLANIN,Q86YL7
SOX9,P48436
SYNAPTOPHYSIN,P08247
VIMENTIN,P08670
